title,genre
50 оттенков голубого,драма
20 сантиметров,"комедия,мюзикл"
18-летняя девственница,комедия
Безымянная — одна женщина в Берлине,драма
Берлин зовёт,Трагикомедия
13-я жертва,ужасы
В пролёте,"комедия,мелодрама,драма,романтическая комедия,комедийная драма"
Вавилон нашей эры,"фантастический,боевик,киберпанк,антиутопия"
Белая медведица,драма
Американское общество негров-волшебников,комедия
В руке Данте,драматический фильм
Американская звезда,фильм-триллер
В поисках Адама,Драма
В баню!,
Горная невеста,драматический фильм
В поисках зверя,"вестерн,драматический фильм,экранизация романа"
Горизонты (серия фильмов),вестерн
Горизонты: Часть первая,вестерн
130 детей,"документальный фильм,1"
101 Рейс,биография
Вальсируя с Брандо,биографический фильм
13 изгнаний дьявола,фильм ужасов
"Любовники (фильм, 2022)",комедия
Код 355,"экшен-триллер,боевик,шпионский фильм,girls with guns"
Лучшие в аду,"военный,боевик"
"Жертвоприношение (фильм, 1986)","драма,мистика"
Благословенные,драма
Лулу и Бриггс,"комедийная драма,роуд-муви"
Лицо памяти,драма
Манон с источника (фильм),драма
Либерея: Охотники за сокровищами,"приключения,боевик"
Душитель против душителя,"ужасы,триллер,комедия"
"Колыбельная (фильм, 1986)",драма
"Роня, дочь разбойника (фильм)","фэнтезийный фильм,драматический фильм,экранизация романа"
Лили и море,
Диагональ слона,
Три ветерана,"сказка,фантастика"
"Солнце, сено, ягоды",комедия
TPB AFK,Документальный
Лето 1941 года,
Элитное общество,"криминальная,драма"
Токийская семья,драма
Танец реальности,"драма,биография,фэнтези"
,"драма,повседневность"
"Магия, магия","драма,триллер"
Ложная память (фильм),научно-фантастический фильм
Ер Тостик и Айдахар,
РЭД 2,"боевик,комедия"
Фиш и Чип. Вредные друзья,"приключения,комедия"
"Пугало (фильм, 2013)",ужасы
Рога (фильм),"тёмное фэнтези,кинокомедия,драма,ужасы"
Том на ферме,"драма,триллер"
Уроки гармонии,драма
Нападение на Уолл-стрит,"боевик,1,2,[…],драматический фильм,криминальный фильм"
"Сглазили! (фильм, 2013)","комедия,семейный,фэнтези,фарс"
"Мама (фильм, 2013)","ужасы,триллер,драма"
Невероятное путешествие мистера Спивета,"приключения,драма,семейный"
Кристал Фэйри и волшебный кактус и 2012,"мелодрама,комедия,приключения"
Никки Туз,семейный фильм
"Майна (фильм, 2013)","драма,приключения,исторический"
"Колония (фильм, 2013)","научно-фантастический фильм,фильм ужасов,постапокалиптический фильм,антиутопический фильм"
Жуткие 13,Фильм ужасов
Геронтофилия (фильм),мелодрама
Жапплу,"драматический фильм,3"
"Объятия вампира (фильм, 2013)","драма,ужасы,эротика"
Дружба и никакого секса?,
"Габриэль (фильм, 2013)","драма,мелодрама"
"Маленькое привидение (фильм, 2013)","фэнтезийный фильм,детский фильм,семейный фильм"
"Враг (фильм, 2013)","детектив,психологический триллер,драма"
Ночной поезд до Лиссабона (фильм),музыка к фильму
"Мария — королева Шотландии (фильм, 2013)",
"Ромео и Джульетта (фильм, 2013)",романтическая драма
"Глория (фильм, 2013)",драма
Любовь — это идеальное преступление,драматический фильм
Проклятье 3D 2,"фильм ужасов,1,японский хоррор,экранизация романа"
Прикосновение греха,драма
Почему ты не играешь в аду?,Боевик
"Каков отец, таков и сын (фильм, 2013)",драма
Необычный человек,драматический фильм
Ветер крепчает,"драма,исторический,биография"
"Столетний старик, который вылез в окно и исчез","чёрная,трагикомедия,приключения"
Путешествуя по сети ненависти,документальный фильм
"Первопроходец (фильм, 2013)",триллер
Армагеддец,"научно-фантастическая комедия,Альтернативный рок,инди-рок,мэдчестер,альтернативная танцевальная музыка,брит-поп,психоделический рок,данс-поп"
Мистериум. Начало,"детективный,триллер"
Диана: История любви,"биографическая,драма"
"Лев Толстой (фильм, 1984)",драма
Конец одиночества фермы Берхоф,
Полёт ворона,исторический фильм
Миссия ниндзя,"боевик,драма"
Мы — лучшие!,"история взросления,драматический фильм"
Ламборгини: Человек-легенда,"биографический фильм,драма"
"Лесной разбойник (фильм, 2022)","фэнтезийный фильм,приключенческий фильм,детский фильм,комедия,семейный фильм"
Легенды «Орлёнка»,"фэнтези,комедия,приключения,семейный"
Кусочек неба,драма
Лавстори (фильм),"романтическая комедия,роуд-муви"
Кукла. Зарождение зла,ужасы
"Красная Шапочка (фильм, 2022)","фэнтези,приключения,семейный"
Костюм (фильм),"криминал,драма"
Кто там?,триллер
Крепость 2: Глаз снайпера,"боевик,триллер"
"Крик (фильм, 2022)",слэшер
После репетиции,драма
Королевы династии Цин,драма
Король-львёнок,"семейный фильм,приключенческий фильм"
Королева-воин,"эпический фильм,драматический фильм,1,исторический фильм,1,боевик,1"
Корабль в Пусан,"боевик,1,криминальный фильм,1,фильм ужасов,2,1,научно-фантастический фильм,1"
Корсаж (фильм),"драматический фильм,1,биографический фильм,1,исторический фильм,1"
"Кома (фильм, 2022)",драма
Колено Ахед,драма
"Клондайк (фильм, 2022)",драма
Когда ты закончишь спасать мир,комедийная драма
Клинок 47 ронинов,"фэнтези,боевик,драма"
Клон (фильм),"научно-фантастический фильм,фильм-триллер"
Клаустрофобы. Долина дьявола,фильм-триллер
"Кит (фильм, 2022)",психологическая драма
Кими (фильм),триллер
Как жена,"научно-фантастический,триллер"
Как насчёт любви?,"драматический фильм,романтический фильм"
Ирония судьбы в Голливуде,романтическая комедия
"Искусительница (фильм, 2022)","научно-фантастический,триллер"
Империя света (фильм),мелодрама
Идеальное алиби,эротический триллер
Календарь ма(й)я,"приключения,фэнтези"
Игра агентов,"боевик,триллер"
Иа (фильм),"драматический фильм,роуд-муви"
Кроссовушка,"мюзикл,комедия"
Зловредный,слэшер
Клерки 3,комедия
Земун (фильм),
Зубрила,комедийная драма
Звоните Джейн,драматический фильм
"Зверь (фильм, 2022)","фильм-выживание,боевик"
Здоровый человек,драма
Звезды по обмену,"комедия,семейный"
"Закат (фильм, 2021)",драматический фильм
"Затерянный город (фильм, 2022)","приключения,экшн,комедия"
"Игра теней (фильм, 2022)","боевик,2,1,фильм-триллер,2,1"
Заклятье: Спуск к дьяволу,фильм ужасов о сверхъестественном
Золото Рейна (2022),Биографический фильм
Заговор в Каире,политический триллер
"Монстр (фильм, 2023)",драма
Молоко матери,
Мой Хатико,драма
Моё преступление,"комедийная драма,1,полицейский фильм,1"
Земля Алькаррас,драма
Могучие рейнджеры: Однажды и навсегда,"приключение,фантастика"
Заклинатели слонов,документальный фильм
Миссия ассасина,"боевик,триллер,криминал"
"Мизантроп (фильм, 2023)","фильм-триллер,2,3,[…],полицейский фильм,2,4,боевик,3,5,[…]"
Микулай (фильм),"драматический фильм,фильм-триллер"
Меч короля,"драма,исторический фильм"
Между отчаянием и надеждой,Документальное кино
"Мать (фильм, 2023)","боевик,триллер"
Маэстро (фильм),биографический фильм
Миссия невыполнима: Смертельная расплата,"шпионский,боевик"
Зачарованная 2,"мюзикл,фэнтезийная комедия"
Материнское воскресенье,драматический фильм
Манюня: Новогодние приключения,
Манодром,"драматический фильм,фильм-триллер"
М3ГАН,"научно-фантастический,фильм ужасов"
Май декабрь,"драматический фильм,1,романтический фильм,1"
Лютер: Павшее солнце,"полицейский фильм,драматический фильм,фильм-триллер"
Любо (фильм),драматический фильм
Любовь-морковь: Восстание машин,"комедийный фильм,2"
Люби снова,"комедия,мелодрама,Поп"
Место преступления: Азра,криминальный фильм
Мег 2: Бездна,"научно-фантастический,боевик"
"Любовь с первого взгляда (фильм, 2023)","экранизация романа,романтическая комедия"
Метод (2023),"драма,короткий метр"
"Луна (фильм, 2023)",научно-фантастический фильм
Лига Справедливости: Мир Войны,"фантастика,фэнтези,приключения,боевик"
"Лимб (фильм, 2023)",криминальная драма
Лето. Нулевые,трагикомедия
Ложный приговор,драма
Завтра это сегодня (фильм),"комедийный фильм,приключенческий фильм,фильм о путешествиях во времени"
Заговор в Голливуде,"боевик,триллер"
"За рекой, в тени деревьев (фильм)",экранизация романа
За пивом!,"драматический фильм,военный фильм"
Хайтарма,"историческая,драма,военный фильм"
Сон бабочки,драма
Zомби каникулы,"зомби-комедия,трэш"
Ракета (фильм),драма
Weekend,"детективный,триллер,нуар,драма"
Pussy против Путина,документальный фильм
Лок (фильм),экзистенциальная драма
Цвет нации,документальный фильм
Мачете убивает,"боевик,фантастика,чёрная комедия"
"Олдбой (фильм, 2013)","триллер,драма,детектив"
"Чудо (фильм, 2013)","драма,комедия"
Цель вижу,
Читающий лица,драма
Элизиум — рай не на Земле,"научная фантастика,боевик"
Польская сибириада,Драма
Тайна Вестерплатте,"драма,военный"
Валенса (фильм),фильм-биография
Билет в один конец на Луну,"мелодрама,кинокомедия,роуд-муви"
Тайна Рагнарока,"фэнтези,приключения,боевик"
Теорема Зеро,"фантастика,киберпанк,драма"
"Андроид (фильм, 2013)",технотриллер
Принцесса-лягушка,
Полицейская история 2013,"боевик,криминал,триллер"
Во имя,драма
Поза ребёнка,драма
Маттерхорн (фильм),"драма,комедия"
Пожалеете!,драматический фильм
"Вперёд, товарищи!",драма
Мастер тай-цзи,боевые искусства
Боргман (фильм),триллер
Эли (фильм),"драматический фильм,1,2"
Инструкции не прилагаются,комедия-драма
Золотая клетка (фильм),драма
Экстрасенс 2: Лабиринты разума,"психологический триллер,фильм-триллер,драматический фильм"
Экзамен для двоих,комедия-драма
Штурм Белого дома (фильм),боевик
Великий мастер (фильм),"фильм-биография,боевик"
Хоть раз в жизни,"Музыкальная,комедия-драма"
Философы. Урок выживания,"триллер,драма,история,фэнтези"
Человек из стали,"супергероика,боевик,научная фантастика,приключения"
Форсаж 6,боевик
Хоббит: Пустошь Смауга,"эпическое фэнтези,приключения,музыка к фильму"
Уцелевший (фильм),"военный,боевик,драма,триллер"
Убийство Кеннеди (фильм),"драма,биография,исторический"
Тропико (фильм),"драма,барокко-поп,трип-хоп"
Тревожный вызов,"триллер,криминальный фильм"
"Тихая гавань (фильм, 2013)","драма,мелодрама,триллер"
Тихоокеанский рубеж,"фантастика,приключения,боевик, меха"
"Тереза Ракен (фильм, 2013)","триллер,драма"
Тор 2: Царство тьмы,"супергероика,боевик,научное фэнтези"
Тепловой удар (фильм),"драматический фильм,боевик"
Хроники ломбарда,"триллер,детектив,чёрная комедия"
Сквозь снег,"постапокалиптика,боевик,триллер,драма"
"Подозреваемый (фильм, 2013)","боевик,триллер"
"Новый мир (фильм, 2013)",криминальная драма
Фил Спектор (телефильм),биографический фильм
"Желание (фильм, 2013)",драма
Самая обыкновенная пара,романтическая кинокомедия
"Адвокат (фильм, 2013)",драма
"Камень (фильм, 2013)","драма,боевик"
Телеведущий 2: И снова здравствуйте,комедия
Телекинез (фильм),фильм ужасов о сверхъестественном
Убийственная мультипликация,ужасы
Тачка №19,"триллер,боевик"
Техасская резня бензопилой 3D,слэшер
"Стукач (фильм, 2013)","боевик,драма,триллер"
Сэлинджер (фильм),документальный фильм
Странный Томас,"ужасы,триллер"
Тепло наших тел,"паранормальная романтическая,зомби-комедия"
Стартрек: Возмездие,"научно-фантастический экшн,научно-фантастический фильм,приключенческий фильм,боевик,Музыка к фильму"
Старая добрая Фреда,документальный
"Соник (фильм, 2013)",
Считанные часы,"драма,триллер"
Спасти мистера Бэнкса,"биографическая,трагикомедия"
Смерть в сети,фильм ужасов
Сироп (фильм),драма
Советник (фильм),"криминальный,триллер"
Скачанный,документальный
Семейный консультант (фильм),Драма
"Связь (фильм, 2013)","научно-фантастическая,драма,триллер"
"Таинство (фильм, 2013)","найденная плёнка,ужасы"
Роковая страсть,
Росомаха: Бессмертный,"супергероика,боевик,научная фантастика"
Пятая власть,"триллер,драма,биография"
Рыцари королевства Крутизны,"комедия,хоррор"
Рождество Мэдеи,"комедия,драма"
Прощальная вечеринка,"комедия,музыка"
Психушка Амитивилля,фильм ужасов
Сезон убийц,триллер
Нострадамус (фильм),"драма,байопик,исторический фильм"
Нижняя граница неба,драма
Проклятие Чаки,слэшер
Риддик (фильм),"фантастика,боевик,триллер"
Прекрасные создания,"фэнтези,мелодрама"
Последнее изгнание дьявола: Второе пришествие,"фильм ужасов,триллер"
Последний рубеж,"боевик,триллер"
После нашей эры,"научная фантастика,приключения,фильм-катастрофа"
Порочные игры,психологический триллер
Помни воскресенье,"драма,мелодрама"
"Поймай толстуху, если сможешь",комедия
Погнали!,боевик
"Побочный эффект (фильм, 2013)",психологический триллер
Пленницы,"детектив,триллер,драма"
План побега,боевик
Призрачный патруль,"научное фэнтези,комедия,детектив"
Перси Джексон и Море чудовищ (фильм),"фэнтези,приключения"
Парклэнд,"биографический,триллер,детектив"
Призраки в Коннектикуте 2: Тени прошлого,ужасы
Последний из Робин Гудов,"биографический фильм,драматический фильм"
Пешка (фильм),"триллер,криминал"
Паркер (фильм),"криминал,триллер,боевик"
Падение Олимпа,"боевик,триллер"
Открытая могила,"триллер,фильм ужасов"
Прогулка среди могил,
Очень страшное кино 5,"ужасы,пародия"
Орудия смерти: Город костей,городское фэнтези
"Она (фильм, 2013)","фантастическая,мелодрама"
Окулус,"мистика,триллер,ужасы"
Перед полуночью,мелодрама
Одноклассники 2,комедия
Оз: Великий и Ужасный,"фэнтези,приключения,Музыка к фильму"
Одинокий рейнджер (фильм),"комедийный,вестерн,боевик"
"Обливион (фильм, 2013)","боевик,приключения,фантастика,антиутопия"
Ночь страха 2: Свежая кровь,"подростковый фильм,комедия ужасов,фильм о вампирах,ЛГБТ-фильм,фильм-триллер,комедийный фильм"
Пипец 2,"боевик,чёрная комедия,супергеройский фильм,драма"
Отец-молодец,"комедия,драма"
Новая попытка Кейт Макколл,драма
Опасная иллюзия,"романтическая комедия,боевик,2,комедийная драма,комедийный триллер,фильм-мелодрама"
Откровения лучших порномоделей,"документальный фильм,1"
Неудержимый (фильм),боевик
Новобрачный (фильм),документальный
Несносный дед,комедийный фильм
Невероятная жизнь Уолтера Митти,"приключенческая,трагикомедия"
Пало-Альто (фильм),драма
Наслаждение или боль,"драма,триллер"
"Мы такие, какие есть","фильм ужасов,драматический фильм"
Ночные движения,"драма,триллер"
Мы — Миллеры,комедия
Муви 43,комедия
"Не беспокоить (фильм, 2010)","ужасы,триллер"
Мрачные небеса,"ужасы,фантастика,триллер"
Морской пехотинец: Тыл,боевик
Милая Фрэнсис,трагикомедия
Микроб (фильм),"ужасы,фантастика,драма"
Мы — семья Пиплз,"комедия,мелодрама"
Место под соснами,"криминальная,драма"
Медсестра 3D,"триллер,детектив"
Мэри и Марта,драма
Небраска (фильм),"комедийная драма,роуд-муви"
Лето. Пляж. Кино,"музыкальная,комедия"
"Мошенничество (фильм, 2013)","Комедия,приключения,молодёжный"
Лавлэйс (фильм),биографическая драма
Кровью и потом: Анаболики,чёрная комедия
"Крепкий орешек: Хороший день, чтобы умереть",остросюжетный боевик
Копы в юбках,комедия
Козлиный остров,драма
Карательный отряд,боевик
Каньоны (фильм),"триллер,драма"
Канун Дня Всех Святых,фильм ужасов
Короткий срок 12,драма
Капитан Филлипс,"триллер,драма,боевик"
Когда я умирала (фильм),драма
Клуб «CBGB»,"драма,история,музыка"
Игра Эндера (фильм),научная фантастика
Из пекла,"криминальный,триллер"
Кадры (фильм),комедия
Интерьер. Кожаный бар.,документалистика
Зловещие мертвецы: Чёрная книга,сверхъестественный фильм ужасов
Мертвец из Тумстоуна,"боевик,вестерн,фэнтези,ужасы"
Заклятие (фильм),"фильм ужасов,триллер"
Зажги меня,"триллер,эротика"
Завершить историю,комедия
Забойный реванш,"спорт,комедия"
З/Л/О 2,"ужасы,псевдодокументальный фильм"
Жасмин (фильм),драма
Дни и ночи,драматический фильм
Довольно слов,комедия
Железный человек 3,"супергероика,боевик,научная фантастика,приключения"
Джобс: Империя соблазна,"драма,фильм-биография"
Земной апокалипсис,"научная фантастика,боевик"
Джек — покоритель великанов,"фэнтези,приключения"
Дворецкий (фильм),"драма,байопик"
Два ствола,"боевик,детектив,комедия"
"Джо (фильм, 2013)",драма
Далласский клуб покупателей,"драма,Саундтрек"
Гравитация (фильм),"драматический,технотриллер"
Гостья (фильм),"фантастика,триллер,мелодрама"
День труда (фильм),драма
Дела с идиотами,комедия
Город порока,"детектив,драма,триллер"
"Гонка (фильм, 2013)","спортивно,историческая,драма,Film score,glam rock"
Дитя божье,драма
Волк с Уолл-стрит,"эпическая,биографическая,криминальная,чёрная комедия,Блюз,Джаз,Прогрессивный рок"
Голодные игры: И вспыхнет пламя,"боевик,антиутопия"
Властелин любви,биографический фильм
Возвращение героя,"боевик,триллер"
Война миров Z,"боевик,о зомби,классическая музыка"
Висельники,"ужасы,вестерн"
Голливудский мусор,кинокомедия
"Великий Гэтсби (фильм, 2013)","драма,мелодрама"
"Близкие враги (фильм, 2013)","боевик,триллер"
"Благослови меня, Ультима (фильм)",драма
В поисках короля,
В безопасности,"Боевик,комедия"
Выдача багажа (фильм),комедия
Биг-Сур (фильм),драма
Бергдорф Гудман: Больше века на вершине модного олимпа,документальный фильм
Бархатное утро,"драматический фильм,романтический фильм"
Афера по-американски,чёрная комедия
Атомная школа: Возвращение. Часть 1,"научная фантастика,комедия,хоррор"
"В бегах (фильм, 2013)",драма
Битва проклятых,"фантастика,ужасы,триллер,боевик,приключения"
Атлантический рубеж,"фантастика,приключения,боевик,пародия"
Астрал: Глава 2,фильм ужасов
"47 ронинов (фильм, 2013)","фэнтези,боевик,драма"
42 (фильм),"драма,спортивный фильм"
Август: Графство Осейдж (фильм),драма
12 лет рабства,"историческая,драма"
Холокост — клей для обоев?,документальный
Властелин разметки,"трагикомедия,Саундтрек"
Эверест. Достигая невозможного,"3D,докудрама"
1 (документальный фильм),документальный
Тёмный мир: Равновесие,городское фэнтези
"Трудно быть богом (фильм, 2013)","фантастика,драма"
"Хамелеон (фильм, 2013)",Художественный
"Три мушкетёра (фильм, 2013)","исторический,приключенческий фильм"
Взрослый мир,комедия-драма
"Тяжёлый случай (фильм, 2013)","мелодрама,комедия"
Тайна перевала Дятлова,"фильм ужасов,триллер,псевдодокументальный фильм"
Сокровища О. К.,"комедия,приключенческий фильм"
"Роль (фильм, 2013)",драма
"Саранча (фильм, 2013)","драма,криминал,триллер"
Прошлым летом в Чулимске (фильм),
Репетиции,драма
"Про жену, мечту и ещё одну…",драма
Страна хороших деточек,"комедия,приключения,детский"
Остров везения,"комедия,приключения"
"Однажды (фильм, 2013)","мелодрама,комедия"
Похабовск. Обратная сторона Сибири,комедия
"Последняя охота (фильм, 2013)","Триллер,Драма"
Околофутбола,драма
Показательный процесс: История Pussy Riot,"документальный фильм,драма"
"Сталинград (фильм, 2013)",военная драма
О чём молчат девушки,комедия
Любовь за любовь (фильм),
"Метро (фильм, 2013)","драма,триллер,фильм-катастрофа"
Майор (фильм),"криминальная,драма,триллер"
"Лёд (фильм, 2013)","драма,спорт"
Одноклассники.ru: НаCLICKай удачу,"комедия,мелодрама"
Легенда № 17,"спортивная,драма,фильм-биография"
Космонавт (фильм),"научная фантастика,драма"
Lego Бэтмен: Супергерои DC объединяются,
Эпик (мультфильм),"приключения,комедия,фэнтези,экшн,триллер,семейный,Музыка к фильму"
Укуренные: Недетский мульт,комедия
Линар (фильм),"документальная,драма"
Холодное сердце,"семейный,фэнтезийная комедия,мюзикл,приключения,Поп,Мюзикл"
Турбо (мультфильм),"приключения,комедия"
Университет монстров,"чёрная комедия,триллер,драма,ужасы"
Супермен: Непобеждённый,
Смурфики 2,"мультфильм,семейный,комедия,фэнтези,саундтрек"
Страстный Мадагаскар,комедия
Синий зонтик,"мультфильм,семейный фильм,фэнтезийный фильм,романтический фильм"
Скуби-Ду! Боязнь сцены,приключения
Семейка Крудс,"приключенченская,комедия"
Побег с планеты Земля,
Самолёты (мультфильм),спортивная комедия
Облачно... 2: Месть ГМО,"семейный,комедия,фантастика"
Лига Справедливости: Парадокс источника конфликта,"Фантастика,боевик,триллер,криминал,музыка к фильму"
Центр вечеринки,Комедия
Индюки: Назад в будущее,"мультфильм,научная фантастика,комедия"
Лига Справедливости: Война,"Фантастика,боевик,триллер,криминал,музыка к фильму"
Железный человек и Халк: Союз героев,супергеройский фильм
Гадкий я 2,"комедия,романтика"
Бэтмен: Возвращение Тёмного рыцаря,"боевик,приключения,фантастика,музыка к фильму"
"Иуда (фильм, 2013)",драма
Мальчик и его атом,
Барби и сёстры в Сказке о пони,"Семейный,Фэнтези,Мультипликация"
Интимные места,"эротика,драма"
Дороти из страны Оз (мультфильм),"музыкальный фильм,фэнтезийный фильм,экранизация литературного произведения"
"Квадрат (фильм, 2013)","документальный,роуд-муви,мюзикл"
Игра в правду,"комедия,драма"
Зимний путь (фильм),драма
И мы любим жизнь,драма
Иван сын Амира,"драматический фильм,1"
Ёлки 3,"комедия,семейный"
"Дублёр (фильм, 2013)",комедия
Друзья друзей,кинокомедия
"Зеркала (фильм, 2013)",драма
Конь-огонь (мультфильм),"комедия,мюзикл"
"Долгая счастливая жизнь (фильм, 2013)",драма
Девочки из Эквестрии,
Деточки,драма
"Жажда (фильм, 2013)",
"Горько! (фильм, 2013)","кинокомедия,псевдодокументальное кино"
Гагарин. Первый в космосе,"драма,биография,история"
Географ глобус пропил (фильм),драма
Дольше жизни,
Война Принцессы,"драма,1"
Альфа и Омега 2: Приключения праздничного воя,"комедия,приключения,семейный фильм"
Восьмёрка (фильм),драма
"Василиса (фильм, 2013)","исторический фильм,военный фильм,драма"
Гена Бетон,комедийный фильм
Билет на Vegas,"комедия,приключения"
Белый лебедь (фильм),"боевик,триллер"
"12 месяцев (фильм, 2013)","романтическая,фэнтезийная комедия"
Всё включено 2,Комедия
"Блеф, или С Новым годом!",документальный
7 главных желаний,"комедия,мелодрама"
Тени незабытых предков,"триллер,мистика,комедия"
Саратовский подход,"триллер,драма"
Такие красивые люди,философская драма
"Моя Русалка, Моя Лореляй",
Параджанов (фильм),биография
Любовь в большом городе 3,"романтическая комедия,фэнтези"
Излечить страх,"исторический,драма"
Эпизод из жизни сборщика железа,"драматический фильм,3,документальная фантастика"
Ломбард (фильм),"детективно,приключенческая,комедия"
Тур де Шанс,комедия
Филомена,"драматическое,роуд-муви"
"Тайное влечение (фильм, 2013)",драматический фильм
Только Бог простит,"триллер,криминальный фильм,16,17,[…],драматический фильм,18,19,[…],неонуар,боевик,фильм-триллер,20"
Судная ночь,"фильм ужасов,3,4,[…],научно-фантастический фильм,4,5,фильм-триллер,антиутопический фильм"
"Ревность (фильм, 2013)",драма
Иван Сила,"биография,приключения"
Притворись моим парнем,комедия
"Пена дней (фильм, 2013)","комедия,драма,фэнтези,мелодрама"
Полярный рейс,комедия
Парижский отсчёт,Триллер
Ку! Кин-дза-дза,"фантастика,антиутопия,трагикомедия"
"Паранойя (фильм, 2013)",триллер
Белка и Стрелка. Лунные приключения,"мультфильм,исторический,комедия,приключения,фантастика"
"Одиночка (фильм, 2013)",драма
"Прошлое (фильм, 2013)",драма
Три мелодии,"философская,притча"
Нимфоманка (фильм),"драма,драма"
Привередливая мышка,
"Монахиня (фильм, 2013)",драма
Мёбиус (фильм Эрика Рошана),"драма,триллер"
Молода и прекрасна,"мелодрама,Музыка к фильму"
Неправильные копы,"Кинокомедия,Криминал"
Набережная Орсе (фильм),
"Мальчики, Гийом, к столу!","комедийный фильм,3,4,ЛГБТ-фильм"
Незнакомец у озера,драма
Малавита (фильм),чёрная комедия
Кот Гром и заколдованный дом,комедия
Восьмой шар,"драма,криминал"
Конгресс (фильм),"фантастика,анимация"
Кидон (фильм),комедийный фильм
Китайская головоломка,
"Камилла Клодель, 1915","драма,биография"
Исчезнувшее изображение,документальный фильм
Мальчики с Востока,драма
Иллюзия обмана,"детективный,триллер,Саундтрек"
За сигаретами,"роуд-муви,драматический фильм,1,2,комедийный фильм,1,2"
"Золотая клетка (фильм, 2013, Франция)","комедия,драма"
Жизнь Адель,романтический фильм
Джимми Пикар,драма
Великая красота,"сатирическая,трагикомедия"
Белль и Себастьян (фильм),"драма,приключение,семейный фильм"
Внутри Льюина Дэвиса,трагикомедия
Вакольда,драма
"Анжелика, маркиза ангелов (фильм, 2013)","мелодрама,приключения"
Алан Партридж: Альфа Отец,комедия
Неопалимая купина (телесериал),"Биографическая,драма"
"Обида (мультфильм, 2013)",притча
Как поймать перо Жар-Птицы,"фэнтези,комедия"
Армия Франкенштейна,ужасы
"Жить (фильм, 2022)",драматический фильм
Иван Царевич и Серый Волк 2,"фэнтезийная комедия,приключения"
З/Л/О 99,"ужасы,найденная плёнка"
Возвращение Буратино,"комедия,приключения"
Жена Чайковского,"драматический фильм,биографический фильм"
Жестокая ночь,"Чёрная комедия,Боевик"
Ёлки 9,комедия
"Кандидат (фильм, 2013)","триллер,комедия"
"Жажда золота (фильм, 2022)",фильм-триллер
Женская судьба,драма
Жанна (фильм),
Друг в океане,"семейный фильм,драматический фильм,экранизация романа"
Дэвид Боуи: Moonage Daydream,документальный фильм
Дышите свободно,драма
Душа команды,драматический фильм
Другое имя,"драма,триллер"
Екатерина II. Закат Великой,драма
Её правда,"драматический фильм,биографический фильм"
Достать ножи: Стеклянная луковица,мистерия
Домашняя игра (фильм),"комедия,спорт"
Доброго траура,комедия
Дом из осколков,документальный фильм
Дополнительный урок,"драматический фильм,детективный фильм"
"Добыча (фильм, 2022)","научно-фантастический,боевик"
Доктор Стрэндж: В мультивселенной безумия,"супергероика,боевик,приключения,научное фэнтези,ужасов"
Господин Иллюминатор,
"До пятницы, Робинзон",документальный фильм
Блэки летит на Луну,комедия
Букашки. Приключение в Долине муравьёв,
Счастлив ли человек высокого роста?,документальный фильм
Дневная смена (фильм),"фильм о вампирах,боевик,комедия ужасов"
Дитя тьмы: Первая жертва,психологический триллер
"Дикая (фильм, 2022)",
Джонджоли (фильм),драма
Джиперс Криперс: Возрождённый,фильм ужасов
Детки против пришельцев,"ужасы,псевдодокументальный фильм"
Детектив Найт: Мерзавец,"боевик,триллер"
Детектив Найт: Искупление,"боевик,триллер"
Кунг-фу жеребец,
Добрый медбрат,триллер
"Кто угодно, но не ты",романтическая комедия
Крупный улов,криминальный триллер
Критик (фильм),"исторический,триллер"
Кто убил BlackBerry,докудрама
Крушение (фильм),остросюжетный боевик
"Кровь за кровь (фильм, 2023)","экшн,триллер"
Кровь в обмен на пыль,криминальный фильм
Крик. Ночь перед Рождеством,"рождественский фильм,комедийный фильм,слэшер"
"Красное небо (фильм, 2023)",драма
Крид 3,"спорт,драма"
Красная Шапочка находит труп,"фильм-сказка,фэнтезийный фильм,криминальный фильм"
Крик 6,слэшер
Краска (фильм),"независимый кинематограф,комедийный фильм"
"Кошки-мышки (фильм, 2023)","чёрная комедия,психологический фильм-триллер"
"Король неба (фильм, 2023)",военный фильм
Корабль призраков,Фильм ужасов
"Контроль (фильм, 2023)","боевик,фильм-триллер"
Колбаса Митрофана Аксёнова,"документальный,биографический,мокьюментари"
Копенгагена не существует,"драматический фильм,2"
Книжный клуб: Новая глава,"романтическая комедия,мелодрама"
Кокаиновый медведь,"комедийный фильм ужасов,триллер"
Кратер (фильм),"научно-фантастический фильм,приключенческий фильм"
Книга решений,"комедийная драма,1"
Клуб Зеро (фильм),драма
Клетка ищет птицу,драматический фильм
Клипмейкеры (фильм),комедия
Кладбище домашних животных: Кровные узы,фильм ужасов о сверхъестественном
Капсульное поколение,комедия
Кино 3.0,документальный фильм
Кентавр (фильм),триллер
Капитан Марвел 2,"супергероика,боевик,научная фантастика"
Деньги (порнофильм),порнофильм
"Двойная петля (фильм, 2022)","байопик,военный"
,драматический фильм
,драматический фильм
"Прощай, Багдад",драматический фильм
Редкие цветы,"мелодрама,биография"
Очень плохие парни,"драма,детектив,триллер"
Я люблю Новый год,мелодрама
"Два, три, демон, приди!","фильм ужасов,2,фильм-триллер,2"
One Direction: Это мы,"документальный фильм,музыкальный фильм"
Девица (фильм),"вестерн,2,комедийная драма,2,драматический фильм"
Эффект колибри,"боевик,триллер,драма"
Транс (фильм),"детектив,психологический триллер"
Последние дни на Марсе,"фантастика,триллер,ужасы"
Не просто счастливый конец,"Романтическая комедия,Драма"
Рай: Надежда,драма
Вифлеем (фильм),"драматический фильм,3"
Рай: Вера,драматический фильм
Гранд Централ. Любовь на атомы,
Волчья яма 2,"ужасы,слэшер"
Возвращение на остров Ним,"приключения,комедия"
От звонка до звонка,"драма,криминальный"
Лето в феврале,драма
"Возмездие (фильм, 2013)",драма
Мёртвые 2: Индия,фильм о зомби
Как я теперь люблю,мелодрама
На грани сомнения,триллер
Как украсть бриллиант,комедия
"Грязь (фильм, 2013)","чёрная,трагикомедия"
Тропы (фильм),драма
"Двойник (фильм, 2013)","драма,трагикомедия,триллер"
Ченнайский экспресс,"боевик,комедия,мелодрама"
Выживут только любовники,"фэнтези,драма"
Бойфренд из будущего,"комедия,драма,научная фантастика"
В страхе,психологические ужасы
Дух 45-го,документалистика
Таинственный путь,"драма,детектив,триллер"
Храброе сердце (мультфильм),"семейный,анимация"
"Секретный эксперимент (фильм, 2013)",триллер
Восточный ветер (фильм),"приключения,семейный,драма"
Стрельба в Вадале,боевик
Рам и Лила,"мелодрама,фильм-драма,мюзикл,фильм о любви"
Путь к дому тёти,драматический фильм
Долгий путь к свободе (фильм),"биография,драма"
С двумя девушками,"романтический фильм,2,боевик"
Следы апостолов,приключения
Предводитель (фильм),"боевик,драма"
"Отважный (фильм, 2013)","боевик,комедия"
Белль (фильм),
"Вендетта (фильм, 2013)",
Острый перец (фильм),"боевик,комедия,саундтрек"
Махабхарата (мультфильм),эпос
Львиное сердце 2,боевик
Кинофильм (фильм),"драма,фильм-биография"
Мандарины (фильм),"военный,драма"
Ланчбокс,"драматический фильм,романтический фильм"
"Вне времени (фильм, 2013)","боевик,приключения,мелодрама,фантастика"
Гонка 2,"боевик,триллер"
Байкеры 3,"боевик,триллер"
Лицемер (фильм),"боевик,комедия,саундтрек"
Атаки 26/11,"триллер,докудрама,криминальный"
Пилгрим Хилл,"драматический фильм,1"
"Море (фильм, 2013)",драма
Волнение сердца,романтическая комедия
Многоликий (фильм),боевик
Паганини: Скрипач Дьявола,"мелодрама,биография,музыка"
Я очень возбуждён,комедия
Лучшее предложение,"психологический триллер,драма"
"Эпидемия (фильм, 2013)","научно-фантастический фильм,2,3,[…],постапокалиптический фильм"
Крриш 3,"фантастика,боевик,приключения,музыкальный фильм"
Священная римская кольцевая,Документальный фильм
Сибирское воспитание,"криминал,драма"
Мэрайа Мунди и шкатулка Мидаса,"Фэнтези,приключенческий фильм,семейный фильм"
Легко живётся с закрытыми глазами,комедийная драма
Торжественный финал,"фильм-триллер,фильм-тайна,драматический фильм"
Остановившаяся жизнь,драма
Зажигание (фильм),боевик
Джастин и рыцари доблести,"фэнтезийный фильм,детский фильм,приключенческий фильм,2,мультфильм"
Летняя ночь в Барселоне,комедия
Суперкоманда,"романтическая комедия,детский фильм,приключенческий фильм,2,фильм о футболе"
Влюблённый скорпион,драма
Ведьмы из Сугаррамурди,комедия ужасов
Дать дуба в округе Юба,комедийный фильм
Далёкие близкие,"драма,комедия"
Мафия убивает только летом,комедийная драма
Да будет утро,драматический фильм
Грозный папа,"приключенческий фильм,фантастический фильм,комедийный фильм,семейный фильм"
Границы безумия,драма
Закрытый занавес,драматический фильм
Гнев во спасение,триллер
"Голод (фильм, 2022)",документальный
Герцог (фильм),"комедийный фильм,биографический фильм"
"Глубокие воды (фильм, 2022)",психологический триллер
Вычитание (фильм),"драма,триллер"
"Герой (фильм, 2021)","драматический фильм,фильм-триллер"
"Выход (фильм, 2022)",
Выживание доброты,драматический фильм
Выпускной класс,комедия
"Всевидящее око (фильм, 2022)","мистический фильм,триллер"
Все старые ножи,"фильм-триллер,экранизация романа"
"Всё будет хорошо (фильм, 2022)",фантастика
Всё везде и сразу,"фантастический,комедийный боевик"
Все любят Жанну,"драматический фильм,1,комедийный фильм,1"
Время года зима,драма
Воронья лощина,"фильм ужасов,триллер"
"Воспламеняющая взглядом (фильм, 2022)","экранизация романа,научно-фантастический фильм,фильм ужасов,2,фильм-триллер,2,кинофантастика,2"
Дампир (фильм),"фэнтези,хоррор"
Война единорогов,"приключения,военный,боевик"
Вышка (фильм),"фильм про выживание,фильм-триллер"
К тебе или ко мне?,романтическая комедия
Истребитель демонов: Деревня кузнецов,"боевик,фэнтези"
Как заниматься сексом,"драматический фильм,1"
Искусство по понятиям,"чёрно,комедийный триллер"
Императрицы (фильм),"художественно,документальный,история,драма"
Изгоняющий дьявола: Верующий,"мистика,фильм ужасов"
Избави нас. Одержимые,фильм ужасов
Индиана Джонс и Колесо судьбы,приключенческий боевик
Время между нами,
"Иди ко мне, детка",романтическая комедия
И не подумай прийти на мою бат-мицву,драмеди
Идеальные дни,драма
Иван Васильевич меняет всё,"комедия,пародия,фантастика,приключенческий фильм,музыкальный фильм"
Зона интересов (фильм),драма
Звук свободы,"боевик,криминальный фильм,драматический фильм"
Запретная страсть,драма
"Восставший из ада (фильм, 2022)",фильм ужасов о сверхъестественном
Заклятие. Зло внутри,фильм ужасов о сверхъестественном
Зверь в джунглях,драматический фильм
Звёзды в полдень,экранизация романа
Воздушный бой (фильм),"боевик,ужасы"
З/Л/О 85,"ужасы,найденная плёнка"
За нас с вами,драма
Женщина с…,"драматический фильм,ЛГБТ-фильм"
Дьявол в деталях. Дело Миранды,историческая драма
Жанна Дюбарри (фильм),"исторический фильм,5,биографический фильм,драматический фильм,5"
"Дыхание (фильм, 2023)",драма
Ёлки 10,комедия
Дочери Ольфы,
Долгожданный рассвет,Драма
"Домашняя вечеринка (фильм, 2023)",комедия
Дорога отчаяния,боевик
Дочь болотного короля,психологический фильм-триллер
Ещё одна настоящая любовь,мелодрама
Дурные деньги,комедийная драма
Возвращение с фронта,"военная,драма"
Возвращение в прах,драма
Возвращение в Хогвартс,"документальная драма,документальный фильм,семейный фильм"
"Вихрь (фильм, 2021)","драматический фильм,психологический фильм"
Мужчине живётся трудно. Фильм 34: Истинный путь Торадзиро,комедия
Антонио Гауди (фильм),документальный фильм
Мужчине живётся трудно. Фильм 33: Задыхающийся в ночном тумане Торадзиро,комедия
"Чебурашка (мультфильм, 2013)",детский фильм
Медвежья история,"приключения,драма"
"Годзилла (фильм, 1984)","фантастика,триллер"
Искусство и любовь,драма
"Дипломатия (фильм, 2014)","исторический фильм,драма"
Прогулка по Бангкоку,кинокомедия
Принцесса Монако,"драма,биография"
Лицо Карин,Документальное кино
Синевир (фильм),фильм ужасов
"Поводырь (фильм, 2013)",драма
Я не вернусь (фильм),драматический фильм
Шагал — Малевич,"фильм-биография,исторический фильм,киноповесть"
"Развод (фильм, 2014)","драматический фильм,4,5,[…],документальный фильм,6"
"Трубач (фильм, 2014)","семейный фильм,комедия,мюзикл"
"Чёрная роза (фильм, 2014)","боевик,драма,криминальный фильм"
Смертельно живой,"триллер,детектив,драма"
"Гэбриэл (фильм, 2014)",триллер
Грань будущего,"фантастический,боевик,Саундтрек,эпическая музыка,фоновая музыка"
"Избави нас от лукавого (фильм, 2014)","детектив,ужасы,триллер"
Ода моему отцу,драма
Одно движение Божье,"неонуар,боевик"
Тупой и ещё тупее 2,комедия
Тэмми,комедия
Трансформеры: Эпоха истребления,"научно-фантастический,боевик"
"Грэйс (фильм, 2014)",ужасы
Сын Божий (фильм),"Пеплум,фильм-биография,драма"
Типа копы,комедия
"Судья (фильм, 2014)","комедийная драма,процессуальная драма,драматический фильм,криминальный фильм"
"Стрингер (фильм, 2014)","триллер,криминал,драма"
Бермудские щупальца,фильм ужасов
"Страна Оз (фильм, 2014)","постапокалиптика,фэнтези,драма"
Совместная поездка,"комедия,боевик"
Ты — не ты,драма
Стражи Галактики (фильм),"супергероика,приключения,боевик,комедия,космическая опера"
"Снайпер (фильм, 2014)","биография,драма,боевик,военный"
Смешанные,романтическая комедия
Снайпер: Наследие,боевик
Сапожник (фильм),"драма,фэнтези,комедия"
Сельма (фильм),
Седьмой сын,"фэнтези,приключения"
Самый опасный человек,драма
"Сама жизнь (фильм, 2014)","комедийный фильм,драматический фильм"
"Саботаж (фильм, 2014)","боевик,триллер"
Рука на миллион,спортивная драма
Существует (фильм),ужасы
"Рука дьявола (фильм, 2014)","триллер,ужасы"
"Стрелок (фильм, 2014)","комедийный фильм,вестерн"
"Рой (фильм, 2014)","триллер,фантастика,ужасы"
Розовая вода (фильм),"драматический фильм,2,3,тюремный фильм,политический фильм"
"Ровер (фильм, 2014)","постапокалиптический,триллер,нео-вестерн"
Соседи. На тропе войны,комедия
"Робокоп (фильм, 2014)","боевик,фантастика,супергероика"
Реальная белка,"приключения,комедия"
Пятое путешествие Синдбада,приключенческий фильм
Проклятие Аннабель,фильм ужасов
Скотозаговор,документальный фильм
"Посвящённый (фильм, 2014)","утопия,драма"
"Половое воспитание (фильм, 2014)",комедия
Пока мы молоды,"комедийная драма,1"
Планета обезьян: Революция,"фантастика,боевик,приключения,драма"
Пригородная готика (фильм),комедийный фильм ужасов
"Пирамида (фильм, 2014)",Фильм ужасов
Пришествие Дьявола,"ужасы,триллер"
Поймать Санту,"Комедия,семейный"
Помпеи (фильм),"фильм-катастрофа,драма,пеплум,исторический фильм,приключения"
Повар на колёсах,комедия
Первый мститель: Другая война,"супергероика,приключения,боевик,научная фантастика,триллер"
Поворот не туда 6: Последний курорт,Слэшер
Париж. Город мёртвых,"фильм ужасов,псевдодокументальный фильм,триллер"
"Писака (фильм, 2014)","триллер,неонуар"
Паранормальное явление: Метка Дьявола,"фильм ужасов о сверхъестественном,найденная плёнка"
Пряности и страсти,"драма,мелодрама"
Ошибка времени,"научная фантастика,триллер"
"Охотники за сокровищами (фильм, 2014)","драма,комедия"
Очень странный рай,"Семейный,комедия,фэнтези"
Охотник на лис,
Харольд здесь,"драма,комедия"
Отрочество (фильм),"эпическая,драма,история взросления,1,экзистенциальная,притча,2,3"
"Слепая (фильм, 2014)",драма
Операция «Мёртвый снег» 2,зомби-комедия
Выжить в Арктике,приключения
Парни из Джерси (фильм),"музыкальный фильм,1,2,биографический фильм,драматический фильм"
"Фотограф (фильм, 2014)","триллер,детектив"
Камни на шанец,"военный фильм,драма"
Песни пьющих (фильм),драма
Открытые окна,"триллер,драма"
Отель «Гранд Будапешт»,Трагикомедия
"Оно (фильм, 2014)","фильм ужасов,триллер"
Они были солдатами: Пустота,"драма,военный фильм"
"Гражданин (фильм, 2014)","сатирический фильм,драматический фильм"
Одержимость Майкла Кинга,"ужасы,триллер,мокьюментари"
Однажды в Нью-Йорке,Драма
Город 44,"военный,историческая,драма"
Обычное сердце,драма
Человек живёт для лучшего,документальный фильм
"Одержимость (фильм, 2014)","музыкальная,психологическая драма,Джаз"
Общак (фильм),криминальная драма
Обитель проклятых,триллер
Ночь была темна,"хоррор,фантастика,драма"
Ной (фильм),"эпический фильм,пеплум,фэнтези,драма,приключения"
Ночь покера,"ужасы,боевик,триллер,криминал"
Ночь в музее: Секрет гробницы,"фэнтези,комедия,приключения,семейный"
"Боги (фильм, 2014)","биография,драма"
Ничего себе поездочка 3,"фильм ужасов,слэшер,триллер"
Новый Человек-паук: Высокое напряжение,"супергероика,боевик,научная фантастика,приключения,драма,неонуар"
"Неуправляемый (фильм, 2014)","драма,музыкальный"
Неудержимые 3,"боевик,Музыка к фильму"
Не вижу зла 2,слэшер
Несносные боссы 2,комедия
Несломленный,"военная,драма,фильм-биография"
"Навстречу шторму (фильм, 2014)","фильм-катастрофа,найденная плёнка"
"Мужчины, женщины и дети","комедия,драма"
Моя старушка,"драма,Мелодрама,комедия"
Мотель (фильм),"триллер,криминальная драма"
Морпехи 2: Поле Огня,"драма,боевик"
Морской туман,драма
Местный (фильм),"драма,вестерн"
Морозилка (фильм),
Девочка у моей двери,драма
Маппеты 2,"музыкальный фильм,фильм-тайна,фильм-ограбление,комедийный фильм,фэнтезийный фильм,научно-фантастический фильм"
Мега-акула против Меха-акулы,"фильм о монстрах,фильм-катастрофа,комедия ужасов,научно-фантастический фильм"
"Не подавай виду (фильм, 2014)","фильм ужасов,драма,триллер"
Манглхорн,
Малефисента (фильм),фэнтези
Маленькие негодяи спасают положение,"комедийный фильм,детский фильм"
Мисс бабуля,трагикомедия
Магия лунного света,романтическая комедия
Мисс Переполох,комедия
Любовь сквозь время,"фэнтези,драма"
Люди Икс: Дни минувшего будущего,"супергероика,боевик,научная фантастика"
Лучшее во мне,"мелодрама,кантри"
Мачо и ботан 2,"боевик,комедия,криминал"
"Лофт (фильм, 2014)",триллер
Лепрекон: Начало,"фильм ужасов,комедия,фэнтези"
"Ложь во спасение (фильм, 2014)",драматический фильм
Кутис (фильм),"ужасы,комедия"
Крутые чуваки,"Боевик,комедия"
Каждая секретная вещь,"драма,детектив"
Как поймать монстра,"фэнтези,триллер"
Кайт (фильм),"боевик,1,2,[…],girls with guns,драматический фильм,антиутопический фильм"
Битва за Мён Рян,"история,военный,биография"
Исчезновение Элеанор Ригби,"драма,мелодрама"
Исчезнувшая,"детективный,триллер"
Исход: Цари и боги,"пеплум,драма"
История дельфина 2,"драма,семейный"
Любовь и милосердие,"музыкальный,байопик"
Интернет-мальчик: История Аарона Шварца,биография
Интерстеллар,"научная фантастика,приключения,драма,Электронная,классика"
"Интервью (фильм, 2014)","Комедия,боевик,сатира,бадди-муви,Саундтрек"
"Игра на выживание (фильм, 2014)",Триллер
"Игрок (фильм, 2014)","триллер,драма"
Игра в имитацию,"историческая,драма"
Лагерь X-Ray,драма
Кадр (фильм),"фантастика,криминал,драма"
Если твоя девушка — зомби,зомби-комедия
Копенгаген (фильм),драма
З/Л/О: Новый вирус,"ужасы,найденная плёнка"
"Другая женщина (фильм, 2014)",комедия
"Дракула (фильм, 2014)","тёмное фэнтези,боевик,фильм ужасов"
Драйвер на ночь,
Домашнее видео: Только для взрослых,комедия
Изъяны,"драма,комедия,триллер"
"Дом призраков (фильм, 2014)","фильм ужасов,триллер"
Драконы Нью-Йорка,"боевик,драма"
Думай как мужчина 2,романтическая кинокомедия
Дивергент (фильм),"научная фантастика,антиутопия"
Дикая (фильм),"фильм-биография,драма"
Джентльмен грабитель,"боевик,криминальный фильм,фильм-биография,драма,триллер"
Джек Райан: Теория хаоса,"триллер,боевик"
"Животное (фильм, 2014)","ужасы,триллер"
"Детка (фильм, 2014)",комедийная драма
День драфта,"спортивная,драма"
Джезабель,"ужасы,триллер"
Женщина в чёрном 2: Ангел смерти,"ужасы,мистика,драма"
Добро пожаловать в Нью-Йорк,драма
Джеймси,"драма,криминал,биография"
"Двойная игра (фильм, 2014)",боевик
"Город, который боялся заката (фильм, 2014)","Триллер,Детектив,Слэшер"
Дальше живите сами,комедия-драма
Демоны Деборы Логан,"ужасы,триллер,детектив"
Динозавр 13,"документальный фильм,2,3"
Джеки и Райан,"мелодрама,Музыкальный фильм"
Глаза звезды,Фильм ужасов
Голодные игры: Сойка-пересмешница. Часть 1,"боевик,антиутопия"
"Геракл (фильм, 2014)","фэнтезийно,приключенческий боевик"
"Второй шанс (фильм, 2015)",драма
"Гость (фильм, 2014)","боевик,нео-нуарный,триллер"
Всё ещё Элис,драма
"Возлюбленные (фильм, 2014)","фантастика,фэнтези,триллер,драма"
Врождённый порок,"комедийная драма,неонуар,детектив"
Воздушный маршал,"детективный,триллер"
Геракл: Начало легенды,"фэнтезийный,боевик"
Великий уравнитель (фильм),боевик
"Голоса (фильм, 2014)",психологическая комедия
Всё ещё мертвы,"ужасы,триллер"
Во имя короля 3,"приключенческий фильм,фэнтези,боевик"
Большие глаза,"драма,поп-музыка"
Блондинка в эфире,комедия
"Газовщик (фильм, 2014)","Короткометражный фильм,Ужасы,Триллер"
"Бивень (фильм, 2014)","боди-хоррор,комедия ужасов"
Бог не умер (фильм),драма
Белоснежка XXX: пародия Акселя Брауна,"порнопародия,порнофильм,сказка"
Бегущий в лабиринте (фильм),"Научная фантастика,Антиутопия"
Вероника Марс (фильм),"драма,мелодрама,детектив"
"Город грехов 2: Женщина, ради которой стоит убивать","боевик,триллер,детектив,нуар"
Внеземное Эхо,"фантастика,приключения,семейный"
В твоих глазах,"мелодрама,фантастика"
1971 (фильм),документалистика
Акулий торнадо 2: Второй по счёту,"ужасы,комедия,фантастика,трэш"
Бёрдмэн,"чёрная,трагикомедия"
Академия вампиров (фильм),"фэнтезийный,комедийный фильм ужасов,фэнтезийный фильм,22,23,[…],подростковый фильм,фильм о вампирах,экранизация романа,боевик,фильм-тайна,мелодрама"
"Александр и ужасный, кошмарный, нехороший, очень плохой день","комедийный фильм,2,3,[…],детский фильм,экранизация"
300 спартанцев: Расцвет империи,"эпический,исторический,боевик"
99 домов,"драматический фильм,1,2"
13 грехов,"триллер,фильм ужасов"
"Близнецы (фильм, 2014)",комедия-драма
3 ночи в пустыне,драма
"Анатомия любви (фильм, 2014)",Романтическая драма
"Чемпионы (фильм, 2014)","фильм-биография,драма"
Час (короткометражный фильм),драматический фильм
Ч/Б,трагикомедия
Форт Росс: В поисках приключений,приключенческий фильм
"Февраль (фильм, 2014)",
Атлант расправил плечи: Часть 3,"научно-фантастический фильм,4,5,драматический фильм,4,5,фильм-тайна,4,5,антиутопический фильм,экранизация романа"
Реальные упыри,"комедия,фильм ужасов,псевдодокументалистика"
Хоббит: Битва пяти воинств,"эпическое фэнтези,приключения,музыка к фильму"
Тоня плачет на мосту влюблённых,драма
Срок (фильм),документальный фильм
"Солнечный удар (фильм, 2014)",драма
"Спираль (фильм, 2014)","боевик,триллер"
"Следы на снегу (фильм, 2014)",документальный
Скорый «Москва — Россия»,"комедия,роуд-муви"
Русский характер (фильм),
Территория Джа,"комедия,научная фантастика,боевик"
Подарок с характером,"комедия,приключения,семейный"
Поддубный (фильм),"биографическая,драма"
Приказано забыть,
Нечаянно,чёрная комедия
"Нереальная любовь (фильм, 2014)",романтическая комедия
"Мой пилот, кит","Семейный,Документальный,Короткометражный"
Машка (фильм),короткометражный фильм
Любит не любит,
"Территория (фильм, 2014)","драма,приключенческий фильм"
Стартап (фильм),"биография,драма"
Мамы 3,лирическая комедия
Лёгок на помине,"фантастика,комедия"
Скуби-Ду! Искусство борьбы,"кроссовер,комедия ужасов"
Феи: Загадка пиратского острова,"семейный,фэнтези"
Кухня в Париже,комедия
"Левиафан (фильм, 2014)",драма
Сын Бэтмена,"научная фантастика,супергеройский фильм,экшен,триллер,психологическая драма,музыка к фильму"
Lego Бэтмен: В осаде,
Самолёты: Огонь и вода,"приключенческая,комедия"
Скуби-Ду: Франкен-монстр,"Комедия,детектив,семейный,приключения"
Рокки и Бульвинкль (мультфильм),"Комедия,Сатира"
Рио 2,"мюзикл,приключение"
Пророк (мультфильм),"анимация,драма"
Приключения мистера Пибоди и Шермана,"мультфильм,юмористическая фантастика,приключения,комедия,семейный,Саундтрек"
Линия Марты,"историческая,драма,мелодрама"
Корпоратив (фильм),комедия
Небесный меч,"приключения,боевик,фэнтези"
Пингвины Мадагаскара,"комедийный,боевик"
Меню (мультфильм),"мультфильм,короткометражка,мелодрама,комедия"
Лига Справедливости: В ловушке времени,
Лего. Фильм,"боевик,приключения,фантастика,комедия,музыка к фильмам"
Лава (мультфильм),"мюзикл,романтический фильм"
Как приручить дракона 2,"боевик,фэнтези,комедия"
Книга жизни (мультфильм),"приключения,музыкальный,комедия"
Железный человек и Капитан Америка: Союз героев,супергеройский фильм
Девочки из Эквестрии. Радужный рок,"приключения,комедия,фэнтези,мюзикл"
Бэтмен: Нападение на Аркхэм,"супергеройский фильм,кинофантастика,боевик,фильм-ограбление,Музыка к фильму"
Город героев,"семейный,комедия,боевик,фантастика,приключения,драма,Саундтрек"
Класс коррекции,драма
Кино про Алексеева,трагикомедия
Феи: Легенда о чудовище,"семейный,фэнтези"
Как меня зовут,драма
Кавказская пленница!,комедия
Семейка монстров,"приключенческий фильм,комедия,фэнтези,Стимпанк"
Здорово и вечно (фильм),документальный
"Испытание (фильм, 2014)",арт-хаус
"Звезда (фильм, 2014)",мелодрама
Залётчики,комедия
"Ещё один год (фильм, 2014)",мелодрама
"Дубровский (фильм, 2014)",драма
Дедушка моей мечты (фильм),
Ёлки 1914,"комедия,мелодрама"
"Две женщины (фильм, 2014)",драма
Да и да,мелодрама
Альфа и Омега 3: Великие волчьи игры,"комедия,приключения,семейный фильм"
Горько! 2,"трагикомедия,псевдодокументальное кино"
Газгольдер: Фильм,криминал
Владение 18,"фильм ужасов,триллер,детективный фильм"
"Военный корреспондент (фильм, 2014)",
Вычислитель (фильм),"фантастика,драма"
"Быстрее, чем кролики",комедия
Братья Ч,драма
"Беглецы (фильм, 2014)","приключенческий,триллер"
Белый ягель,"драма,мелодрама"
Белые ночи почтальона Алексея Тряпицына,драма
В спорте только девушки,Романтическая комедия
"Выпускной (фильм, 2014)",комедия
Ангелы революции,романтическая драма
22 минуты,боевик
Дурак (фильм),драма
Майдан (фильм),документальный
"Племя (фильм, 2014)","драма,криминальный фильм"
"До свидания, синефилы","мокьюментари,фильм-эссе,драматический фильм"
Жива ватра,документальное кино
Алёнка из Почитанки,
13 друзей хунты,документальный
"Авантюристы (фильм, 2014)",приключения
Хранитель Луны,"фэнтези,приключения,комедия,семейный"
Need for Speed: Жажда скорости,"боевик,триллер,драма,криминал"
Superнянь,комедия
Бабай (мультфильм),"комедия,приключенческий фильм,семейный фильм,фэнтези,1"
Я дышу,драма
Хочешь или нет?,Романтическая комедия
Уильям Тёрнер (фильм),"драма,биографический"
Судная ночь 2,"ужасы,триллер,боевик"
Сказки старого пианино,"Драма,Эссе,Драма,Эссе"
Соль Земли,"документальный фильм,1,2,[…],биографический фильм"
Пык-пык-пык,
"Тимбукту (фильм, 2014)",драма
Сен-Лоран. Стиль — это я,"драма,биографический фильм"
Три дня на убийство,"боевик,драма,комедия"
"Потерянный рай (фильм, 2014)","триллер,мелодрама"
"Пойми меня, если сможешь",драма
Приключения Паддингтона,"семейный фильм,комедия,сказка"
Ришелье. Мантия и кровь,
Французский транзит,"Криминальный,боевик,триллер"
"Поиск (фильм, 2014)","военная,драма"
Поездка к матери,
Песнь моря,"фэнтези,драма,приключения"
Пазолини (фильм),"драма,биография"
Одна встреча,мелодрама
Новая подружка,"драма,комедия"
Ни минуты покоя,комедия
"Невидимый мальчик (фильм, 2014)","научно-фантастический фильм,супергеройский фильм,детский фильм"
Последний бриллиант,криминальная драма
"Самба (фильм, 2014)",
Махни крылом,приключенческий фильм
"Мужчина, которого слишком сильно любили",драма
Любовь — странная штука,драма
Маньяк из Твиттера,"ужасы,найденная плёнка"
Каникулы маленького Николя,комедия
Люси (фильм),"научная фантастика,экшн,драма,криминал"
"Истребители (фильм, 2014)","Комедия,мелодрама"
Ив Сен-Лоран (фильм),Фильм-биография
Наш запах,драма
Звёздная карта (фильм),"сатира,триллер"
Мы не можем жить без космоса,
Три богатыря. Ход конём,"приключения,комедия"
Джеки в царстве женщин,"посткиберпанк,антиутопия,комедия"
Девичество (фильм),"драма,история взросления"
"Два дня, одна ночь",драма
Гордость (фильм),"драма,комедия,драматический фильм,комедийный фильм,ЛГБТ-фильм,59"
Гол живых мертвецов,"ужасы,комедия,спортивный фильм"
"Время признаний (фильм, 2014)","драматический фильм,1"
Зал Джимми,"историческая,драма"
"Волки (фильм, 2014)","ужасы,боевик"
Дело СК1,триллер
Белая птица в метели,"драма,триллер"
В воздухе,драма
"Красавица и Чудовище (фильм, 2014)","приключения,фэнтези,мелодрама"
Два лика января,триллер
Астерикс: Земля Богов,"историческая,комедия"
"Аллилуйя (фильм, 2014)",драматический фильм
13-й район: Кирпичные особняки,боевик
"Ягнёнок (фильм, 2014)","драматический фильм,1"
Сивас (фильм),"драматический фильм,3"
Шмитке (фильм),"комедийный фильм,фильм-тайна"
Зимняя спячка (фильм),драма
Искатель воды,"Драма,Исторический фильм"
Серена (фильм),драма
Чужой против Хищника,"научно-фантастический,боевик ужасов"
"Прощай, речь 3D",драма
"Вий (фильм, 2014)","тёмное фэнтези,приключения"
Мосты Сараево,документальная драма
Зильс-Мария,драма
Дурацкое дело нехитрое,"черная комедия,криминальный фильм"
Мистериум. Охотники на фазанов,"детективный,триллер"
"Прежде, чем я усну","драма,триллер"
"Форс-мажор (фильм, 2014)",
Страшная воля богов,Фильм ужасов
"Голубь сидел на ветке, размышляя о бытии","комедия,драма"
Полное доверие,"драма,мелодрама"
Проклятие: Начало конца,фильм ужасов о сверхъестественном
"Мой мужчина (фильм, 2014)",мелодрама
Моя прекрасная майко,"комедия,мюзикл"
Император в августе,историческая драма
Маленький дом,драма
Ведьмина служба доставки (фильм),экранизация романа
Улов (фильм),драма
"Годзилла (фильм, 2014)",фильм о монстрах
Вселенная Стивена Хокинга,"историческая,мелодрама"
Бродяга Кэнсин: Великий киотский пожар,
Бродяга Кэнсин: Последняя легенда,дзидайгэки
"Свастика (фильм, 1983)",мелодрама
"Счастливого Рождества, мистер Лоуренс","военная,драма"
"Мужчине живётся трудно. Фильм 31: Путешествие, женщина и Торадзиро",комедия
Война Кандагавы,пинку-эйга
Легенда о восьми самураях,"драма,мелодрама,приключения,фэнтези"
Мужчине живётся трудно. Фильм 32: Тора-сан ударился в религию,
Мелкий снег (фильм),фильм-драма
Висящее солнце,
"Легенда о Нараяме (фильм, 1983)",драма
Антарктическая история,"приключенческий фильм,1,драматический фильм"
Вечная дочь,драма
"Венера (фильм, 2022)",
Вендетта. Банды Атланты,"боевик,триллер"
Велга (фильм),мелодрама
Варяг (фильм),"исторический фильм,приключенческий фильм,боевик"
"Варвар (фильм, 2022)",ужасы
Вальдо (фильм),"криминал,триллер,детектив"
Великая свобода,"драматический фильм,ЛГБТ-фильм"
"Вавилон (фильм, 2022)","Историческая,комедийная,эпическая,драма"
В ритме ча-ча-ча,комедийная драма
В духе Рождества,"мюзикл,комедия"
Быть Сальвадором Дали,биографический фильм
Быстрый словарик любви,драматический фильм
Бэтгёрл (фильм),"боевик,приключения,криминал,супергероика"
"Быстрее пули (фильм, 2022)","боевик,комедия"
Бывшие. Happy End,мелодрама
"Бэтмен (фильм, 2022)","драма,криминал,детектив,супергероика"
"Бункер (фильм, 2022)","фильм ужасов,триллер"
Булки,комедия
Брат во всём,драма
Бультерьер (фильм),спортивная драма
Борьба со льдом,
Ботан и супербаба,"комедия,фантастика,боевик"
Большой баг,"фантастика,комедия"
Большие змеи Улли-Кале,"трагикомедия,исторический,мокьюментари"
Больше чем никогда,"драматический фильм,3"
Боец: Король ринга,
Доктор Чхон и потерянный талисман,"мистика,триллер"
Большая четвёрка (фильм),"комедийный,боевик"
"Доктор (фильм, 2023)",драматический фильм
До конца ночи,криминальный фильм
Девятые врата: Пандемониум,"фильм ужасов,драма"
Джон Уик 4,"неонуарный,остросюжетный боевик"
День благодарения (фильм),слэшер
Детектив Найт: Независимость,"боевик,триллер,криминал"
Дети шпионов: Армагеддон,"шпионский,комедийный боевик"
Девушка-гонзо,драма
"Граф (фильм, 2023)","комедийный фильм,1,фильм о вампирах"
Дайана Найэд (фильм),спортивный биографический фильм
Дворец (фильм),комедийная драма
Догмен,"драматический фильм,1,боевик,1,фильм-триллер,1"
Гром: Трудное детство,"супергероика,боевик,приключения,детектив,драма"
Гран Туризмо (фильм),"спортивная,драма"
"Двойная игра (фильм, 2023)","боевик,криминальный,драма"
Голодные игры: Баллада о змеях и певчих птицах,"боевик,антиутопия"
"Джестер (фильм, 2023)",ужасы
Город астероидов,1
Гонщики на драйве,"комедийный фильм,боевик"
Год рождения,"фэнтези,романтический фильм,драматический фильм"
Годзилла: Минус один,"кайдзю,фантастика,боевик,драма"
Герой наших снов,"чёрная комедия,фэнтези"
Гипнотик (фильм),"научная фантастика,триллер"
Говорят женщины,"драматический фильм,экранизация книги"
Гении (фильм),"драма,биография"
Гардемарины 1787. Война,"исторический фильм,батальный фильм"
Выжившие. Бетонная утопия,"фильм-катастрофа,фильм-триллер"
Вурдалак (фильм),"ужасы,мистика"
Вся красота и кровопролитие,"документальный фильм,1,биографический фильм"
Всемирный потоп (фильм),"драма,триллер,фильм-катастрофа"
Мы хороним мёртвых,"фильм-триллер,фильм про выживание"
Вы когда-нибудь боялись?,фильм ужасов
Мотель Дестино,фильм-триллер
Молчание Марии,драматический фильм
Мой шпион: Вечный город,"шпионский фильм,комедийный фильм,комедийный боевик"
Мой сосед — монстр,"комедийный фильм,1,романтический фильм,1,фильм ужасов,1"
"Москва, которую мы потеряли",документальный фильм
Мой любимый чемпион,
Моди: Три дня на крыльях безумия,"биографический фильм,драматический фильм"
Миллениум (фильм),"комедийный фильм,1,фильм-катастрофа,uchronia"
Месье Азнавур,"биографический фильм,1,3,драматический фильм,1,3,музыкальный фильм,3"
Мой любимый торт,фильм-мелодрама
Миссия: Красный,"комедийный боевик,приключенческий фильм,рождественский фильм"
Министерство неджентльменских дел,комедийный боевик
Где Анна Франк?,
Мертвецам не больно,"вестерн,фильм-мелодрама"
Меган: К вашим услугам,"научно-фантастический,триллер"
"Мелочи жизни (фильм, 2024)","драматический фильм,1"
Между нами лето,
Мегалополис (фильм),"эпическая,научно-фантастическая драма"
Международная космическая станция (фильм),"научно-фантастический,фантастический триллер"
"Вызов (фильм, 2023)",драма
Материнский инстинкт (фильм),психологический триллер
"Мастер и Маргарита (фильм, 2024)","фэнтезийная драма,дизельпанк"
"Мария (фильм, 2024)","биографический фильм,1,драматический фильм,психологический драматический фильм"
"Маргиналы (фильм, 2024)",ужасы
Марчелло Мио,комедийный фильм
Манкимэн,остросюжетный боевик
Манюня: Приключения в Москве,
Маме снова 17,"комедия,фантастика"
Максин XXX,фильм ужасов
Майор Гром: Игра,"супергероика,боевик,приключения,драма,детектив"
Манюня: Приключения в деревне,
Буйство смерти,фильм ужасов
У подножия вулкана (фильм),"драма,экранизация"
Эммануэль 4,эротика
Чужая кровь (фильм),"Военная,драма"
